judge,family,ab_agreement,ab_ci_lower,ab_ci_upper,ba_agreement,ba_ci_lower,ba_ci_upper,agg_agreement,agg_ci_lower,agg_ci_upper,improvement,n
gpt-4o-mini,OpenAI,46.0,38.0,54.0,48.0,40.0,56.00000000000001,51.33333333333333,43.333333333333336,59.333333333333336,3.3333333333333326,150
llama2-70b,Meta,35.57046979865772,28.187919463087248,43.624161073825505,40.26845637583892,32.21476510067114,48.322147651006716,37.58389261744966,29.53020134228188,45.63758389261745,-2.684563758389258,149
mixtral-8x7b,Mistral,45.45454545454545,37.76223776223776,53.84615384615385,42.65734265734265,34.26573426573427,50.349650349650354,44.75524475524475,36.36363636363637,53.14685314685315,-0.6993006993006978,143
