dimension,agreement,agreement_ci_lower,agreement_ci_upper,faviscore,faviscore_ci_lower,faviscore_ci_upper,retained,n
Completeness,48.22222222222222,40.149162861491625,56.0669710806697,0.005030762432441623,-0.25748772504091655,0.2690029704955078,True,446
Conciseness,35.28228228228228,28.127027027027037,43.0960960960961,-0.26854409538523966,-0.5169199104834128,-0.023268255833559542,False,448
Faithfulness,45.72298325722983,37.87214611872146,53.79604261796042,-0.14655318428184283,-0.38433111793709135,0.09350045267576142,False,446
Helpfulness,45.900226757369616,38.06802721088435,53.50566893424036,0.037886138106865454,-0.22319264483443588,0.2980609759957586,False,447
Logical Correctness,44.696192696192696,37.02097902097902,52.82672882672883,-0.05239636799254332,-0.3021880108941875,0.20095267117573498,True,443
Logical Robustness,43.19274376417234,35.36054421768708,51.24716553287982,-0.02991452991452991,-0.27449909528222777,0.21295103262778878,True,447
