judge,family,consistency,consistency_ci_lower,consistency_ci_upper,first_pos_pref,n
gpt-4o-mini,OpenAI,66.66666666666666,59.333333333333336,74.0,52.0,150
llama2-70b,Meta,25.503355704697988,18.79194630872483,32.21476510067114,45.04504504504504,149
mixtral-8x7b,Mistral,55.94405594405595,47.55244755244755,64.33566433566433,49.2063492063492,143
