judge,family,first_pos_rate,first_pos_ci_lower,first_pos_ci_upper,ab_first_pct,ba_first_pct,n
gpt-4o-mini,OpenAI,62.66666666666667,56.99999999999999,68.33333333333333,63.33333333333333,62.0,150
llama2-70b,Meta,77.59197324414716,72.90969899665552,82.2742474916388,75.33333333333333,79.86577181208054,150
mixtral-8x7b,Mistral,57.534246575342465,51.71232876712328,63.35616438356164,58.108108108108105,56.94444444444444,148
